{"BTArray":[{"name":"Advertisement.MOG.Click.DomainValidate","id":"0x100000001"},{"name":"Advertisement.GDT.RequestAdList","id":"0x200000001"},{"name":"Advertisement.GDT.Click.Fail","id":"0x300000001"},{"name":"Adertisement.InternalAd.AdClick","id":"0x40000006e"},{"name":"shiyan","id":"0x50293d6eb"},{"name":"MainFrame.App.FavAppList","id":"0x6000004dd"},{"name":"urlclick.taobao.gdt.report","id":"0x72e9feb3a"},{"name":"Advertisement.InternalAd.AdClick","id":"0x800000077"},{"name":"Advertisement.InternalAd.AdShow.ExposureReport","id":"0x900000077"},{"name":"GuaGua.Online.Duration","id":"0xa0000019b"},{"name":"GuaGua.Normal.Setup","id":"0xb0000019c"},{"name":"GuaGua.Misc.Click","id":"0xc0000019d"},{"name":"GuaGua.Misc.Click1","id":"0xd000001bc"},{"name":"GuaGua.DownLoad.Duration","id":"0xe0000007b"},{"name":"QGame.InvitePlay.Report","id":"0xf000000ea"},{"name":"GroupApp.SetManager","id":"0x1000000001"},{"name":"GroupApp.CancelManager","id":"0x1100000002"},{"name":"GroupApp.ClickAddManager","id":"0x1200000001"},{"name":"GroupApp.ClickCancelManager","id":"0x1300000001"},{"name":"在线教育课程主面板相关","id":"0x1412ad1655"},{"name":"OnlineEdu.MainPanel","id":"0x1501656a30"},{"name":"OnliineEdu_MainPanel_LBClick","id":"0x1600312eb7"},{"name":"测试数据","id":"0x170000001f"},{"name":"OnliineEdu_EnterCourseRoomFailure","id":"0x1800000016"},{"name":"OnliineEdu_EnterEduCourseFailure","id":"0x1900000021"},{"name":"OnliineEdu_CourseMode_Inconsistence","id":"0x1a00000001"},{"name":"OnliineEdu_CourseMode_Inconsistence","id":"0x1b00000020"},{"name":"OnliineEdu_CourseMode_Inconsistence_Reporter","id":"0x1c0000000c"},{"name":"OnlineEdu_EnterCourseFailure","id":"0x1d0000000c"},{"name":"OnlineEdu_CourseMode_InConsistence_Reporter","id":"0x1e00000002"},{"name":"OnlineEdu_Course_Mode_InConsistence_Reporter","id":"0x1f00000002"},{"name":"OnlineEdu_TempSession","id":"0x2000002bd6"},{"name":"OnlineEdu_TempSessionOpen","id":"0x2100033c99"},{"name":"OnlineEdu_HandsMode_AnswerQuestionTime","id":"0x2200000022"},{"name":"WBlog.MainPanel.Tab.Click","id":"0x230000006f"},{"name":"OnlineEdu_UpstreamQualitySwitch_Click","id":"0x2400000001"},{"name":"OnlineEdu_UpstreamQualitySwitch_ShowSwitchMenu","id":"0x2500000001"},{"name":"OnlineEdu_TrayFlash_NotifyFromServer","id":"0x260000000b"},{"name":"OnlineEdu_TrayFlash_Result","id":"0x270000000b"},{"name":"OnlineEdu_TrayFlash_Click","id":"0x280000000b"},{"name":"OnlineEdu_TrayFlash_NotifyFromServer2","id":"0x2900000002"},{"name":"OnlineEdu_TrayFlash_Result2","id":"0x2a00000002"},{"name":"OnlineEdu_TrayFlash_Click2","id":"0x2b00000002"},{"name":"OnlineEdu_IP_Speed_Test_Click","id":"0x2c00000001"},{"name":"MyIDForTest","id":"0x2d00000001"},{"name":"OnlineEdu_Course_UnSignUp_Msg","id":"0x2e00000002"},{"name":"OnlineEdu_Course_AddSignUp_Click","id":"0x2f00000002"},{"name":"OnlineEdu_EnterHall_Course_Title_Click","id":"0x3000000002"},{"name":"OnlineEdu_CourseUrl_Title_Click","id":"0x3100000002"},{"name":"OnlineEdu_CourseFav_Click","id":"0x3200000002"},{"name":"OnlineEdu_CourseShare_Click","id":"0x3300000002"},{"name":"EduReportCourse","id":"0x3400000001"},{"name":"OnlineEdu_ReportCourseBtnClick","id":"0x3500000001"},{"name":"ReportFromPopWnd","id":"0x3600000001"},{"name":"ReportPopWndShowTime","id":"0x3700000001"},{"name":"EduReportPopWnd_Btn_Click","id":"0x3800000001"},{"name":"EduReportPopWnd_ShowTime","id":"0x3900000001"},{"name":"OnlineEdu_SetShareScreenSize","id":"0x3a000008ae"},{"name":"OnlineEdu_DefaultShareScreenSize","id":"0x3b000000de"},{"name":"OnliineEdu_TeacherVideo_TimeLimit","id":"0x3c00000001"},{"name":"Edu_MainWnd_TopMost","id":"0x3d00000001"},{"name":"EduIPSpeedTime","id":"0x3e00000001"},{"name":"EduMuiltVideoT","id":"0x3f08005273"},{"name":"EduTrayListReport","id":"0x4000000001"},{"name":"EduMultiAudioT","id":"0x4100000001"},{"name":"EduHandCountT","id":"0x4200000001"}],"EnvArray":[{"name":"fdas","type":"i","id":"0x1"},{"name":"vb","type":"s","id":"0x2"},{"name":"Advertisement_MOG_AD_Domain","type":"s","id":"0x3"},{"name":"Advertisement_Internal_AD_Feature_Type","type":"i","id":"0x15"},{"name":"Advertisement_MOG_AD_Id","type":"s","id":"0x5"},{"name":"Advertisement_MOG_AD_IP","type":"i","id":"0x6"},{"name":"Advertisement_GDT_AD_Domain","type":"s","id":"0x7"},{"name":"Advertisement_GDT_AD_IP","type":"i","id":"0x8"},{"name":"Advertisement_GDT_AD_Id","type":"I","id":"0x9"},{"name":"11111111111111","type":"i","id":"0xa"},{"name":"FavList_AppLocation","type":"i","id":"0xb"},{"name":"FavList_AppID","type":"i","id":"0xc"},{"name":"FavList_Operate","type":"i","id":"0xd"},{"name":"FavList_Time","type":"i","id":"0xe"},{"name":"FavList_Type","type":"i","id":"0xf"},{"name":"FavList_Time","type":"I","id":"0x10"},{"name":"Advertisement_Pack_Text","type":"s","id":"0x11"},{"name":"Advertisement_Platform_Type","type":"i","id":"0x12"},{"name":"Advertisement_Operation_Type","type":"i","id":"0x13"},{"name":"Advertisement_Internal_AD_PosId","type":"I","id":"0x14"},{"name":"GuaGua_Online_Duration","type":"I","id":"0x16"},{"name":"GuaGua.Normal.RomID","type":"i","id":"0x17"},{"name":"GuaGua_Setup_OperationID","type":"i","id":"0x18"},{"name":"GuaGua_Setup_Source","type":"i","id":"0x19"},{"name":"GuaGua_Misc_ID","type":"i","id":"0x1a"},{"name":"GroupApp_SetManager_SelfUin","type":"i","id":"0x1b"},{"name":"GroupApp_SetManager_Timestamp","type":"i","id":"0x1c"},{"name":"GroupApp_SetManager_GroupId","type":"i","id":"0x1d"},{"name":"GroupApp_SetManager_EntryType","type":"i","id":"0x1e"},{"name":"GroupApp_SetManager_GroupCode","type":"i","id":"0x1f"},{"name":"OnlineEdu_MainPanel_FolderID","type":"i","id":"0x20"},{"name":"OnlineEdu_MainPanel_CourseID","type":"i","id":"0x21"},{"name":"OnlineEdu_RBClick","type":"i","id":"0x22"},{"name":"OnlineEdu_MainPanel_Meun_PartIn","type":"i","id":"0x23"},{"name":"OnlineEdu_FindDetails","type":"i","id":"0x24"},{"name":"OnliineEdu_MainPanel_LBClick_CourseId","type":"s","id":"0x25"},{"name":"OnliineEdu_MainPanel_CourseAbsId","type":"s","id":"0x26"},{"name":"dwGroupId","type":"I","id":"0x27"},{"name":"OnliineEdu_dwGroupId","type":"I","id":"0x28"},{"name":"OnliineEdu_CourseMode_Inconsistence_CourseId","type":"I","id":"0x29"},{"name":"OnliineEdu_CourseMode_Inconsistence_VideoMode","type":"I","id":"0x2a"},{"name":"OnlineEdu_CourseMode_InConsistence_dwGroupId","type":"I","id":"0x2b"},{"name":"OnlineEdu_CourseMode_InConsistence_CourseId","type":"I","id":"0x2c"},{"name":"OnlineEdu_CourseMode_InConsistence_VideoMode","type":"I","id":"0x2d"},{"name":"OnlineEdu_Course_Mode_Inconsistence_dwGroupId","type":"I","id":"0x2e"},{"name":"OnlineEdu_Course_Mode_Inconsistence_CourseId","type":"I","id":"0x2f"},{"name":"OnlineEdu_Course_Mode_Inconsistence_VideoMode","type":"I","id":"0x30"},{"name":"operationType","type":"s","id":"0x31"},{"name":"OnlineEduTempSession_OpType","type":"s","id":"0x32"},{"name":"OnlineEdu_HandsMode_Time","type":"i","id":"0x33"},{"name":"WBlog.MainPanel.Tab.ClickTime","type":"i","id":"0x34"},{"name":"OnlineEdu_UpstreamQualitySwitch_ClickFrom","type":"i","id":"0x35"},{"name":"OnlineEdu_UpstreamQualitySwitch_ToMode","type":"i","id":"0x36"},{"name":"OnlineEdu_TrayFlash_Result_Code","type":"i","id":"0x37"},{"name":"OnlineEdu_TrayFlash_CourseId","type":"s","id":"0x38"},{"name":"OnlineEdu_IP_Speed_Test_Click_Type","type":"i","id":"0x39"},{"name":"OnlineEdu_Course_UnSignUp_Msg_Type","type":"i","id":"0x3a"},{"name":"OnlineEdu_Course_AddSignUp_Click_Type","type":"i","id":"0x3b"},{"name":"OnlineEdu_EnterHall_Course_Title_Click_Type","type":"i","id":"0x3c"},{"name":"OnlineEdu_CourseUrl_Title_Click_Type","type":"I","id":"0x3d"},{"name":"OnlineEdu_CourseFav_Click_Type","type":"I","id":"0x3e"},{"name":"OnlineEdu_CourseShare_Click_Type","type":"I","id":"0x3f"},{"name":"OnlineEdu_Course_UnSignUp_Msg_CourseCount","type":"i","id":"0x40"},{"name":"OnlineEdu_Course_AddSignUp_Click_CourseCount","type":"i","id":"0x41"},{"name":"OnlineEdu_EnterHall_Course_Title_Click_CourseCount","type":"i","id":"0x42"},{"name":"OnlineEdu_CourseUrl_Title_Click_CourseCount","type":"i","id":"0x43"},{"name":"OnlineEdu_CourseFav_Click_CourseCount","type":"i","id":"0x44"},{"name":"OnlineEdu_CourseShare_Click_CourseCount","type":"i","id":"0x45"},{"name":"OnlineEdu_Course_UnSignUp_Msg_CourseId","type":"I","id":"0x46"},{"name":"OnlineEdu_Course_AddSignUp_Click_CourseId","type":"I","id":"0x47"},{"name":"OnlineEdu_EnterHallTitile_Click_CourseId","type":"I","id":"0x48"},{"name":"EnduReportBtn_Click_type","type":"i","id":"0x49"},{"name":"EduReportPopWnd_ShowTime_type","type":"I","id":"0x4a"},{"name":"OnlineEdu_ShareScreenCourseID","type":"i","id":"0x4b"},{"name":"OnlineEdu_ShareScreenWidth","type":"i","id":"0x4c"},{"name":"OnlineEdu_ShareScreenHeight","type":"i","id":"0x4d"},{"name":"OnlineEdu_VideoReachTime_CourseId","type":"I","id":"0x4e"},{"name":"OnlineEdu_ShareScreen_CourseID","type":"I","id":"0x4f"},{"name":"OnlineEdu_ShareScreenSetSizeType","type":"i","id":"0x50"},{"name":"Edu_MainWnd_TopMost_Uin","type":"I","id":"0x51"},{"name":"Edu_MainWnd_TopMost_RoleID","type":"i","id":"0x52"},{"name":"Edu_MainWnd_TopMost_Workplace","type":"i","id":"0x53"},{"name":"Edu_MainWnd_TopMost_CourseID","type":"I","id":"0x54"},{"name":"Edu_MainWnd_TopMost_State","type":"i","id":"0x55"},{"name":"Edu_MainWnd_TopMost_Time","type":"I","id":"0x56"},{"name":"EduIPSpeedTime_CourseId","type":"I","id":"0x57"},{"name":"EduIPSpeedTime_TermId","type":"I","id":"0x58"},{"name":"EduIPSpeedTime_Uin","type":"I","id":"0x59"},{"name":"EduIPSpeedTime_StartTime","type":"I","id":"0x5a"},{"name":"EduIPSpeedTime_UseTime","type":"I","id":"0x5b"},{"name":"Edu_CourseID","type":"I","id":"0x5c"},{"name":"Edu_MuitVideoAction","type":"i","id":"0x5d"},{"name":"Edu_MulitVideo_Time","type":"i","id":"0x5e"},{"name":"EduTrayListReport_Open","type":"i","id":"0x5f"},{"name":"Edu_MultiAudioAction","type":"i","id":"0x60"},{"name":"EduMultiValue1","type":"i","id":"0x61"},{"name":"handscountdownAction","type":"i","id":"0x62"},{"name":"handscountdownValue1","type":"i","id":"0x63"},{"name":"handscountdownValue2","type":"i","id":"0x64"},{"name":"Edu_Hands_Role","type":"i","id":"0x65"},{"name":"Edu_Hands_CourseId","type":"I","id":"0x66"}]}