﻿<?xml version="1.0" encoding="UTF-8"?>
<BubbleTips>
  <!--BubbleTipID：区别不同气泡的关键字
    StartTime：气泡上线时间（信息收集）
    EndTime：气泡过期时间，过期之后不会再弹
    FeatureDesc：新功能说明（信息收集）
    ShowCondition：弹出条件说明（信息收集）
    ShowTimes：展示次数限制
    Title：标题（可有可无）
    Content：气泡正文
    LinkText：气泡中带链接（可有可无）
    ButtonText：气泡中带button（可有可无，注意LinkText和ButtonText不能同时都有）
    JumpUrl：气泡中带链接获取button，点击响应是跳网页，跳转地址
    AutoDestroy：自动销毁的时间，为0则不会自动销毁
    Anglepos：气泡的箭头方向，可取的值有：TOPLEFT、TOPRIGHT、BOTTOMLEFT、BOTTOMRIGHT、LEFTTOP、LEFTBOTTOM、RIGHTTOP、RIGHTBOTTOM
    ShowCloseButton：是否显示关闭button，1则显示，0不显示
    Icon：气泡的提示图标（可有可无）-->
  <BubbleTip>
    <BubbleTipID>CollectSplitTips</BubbleTipID>
    <FeatureDesc>我的收藏分割线可拖拽提示</FeatureDesc>
    <ShowTimes>1</ShowTimes>
    <Content>左右拖拽中间线，可调整两侧页卡的宽度噢。</Content>
    <AutoDestroy>3000</AutoDestroy>
    <Anglepos>TOPRIGHT</Anglepos>
    <ShowCloseButton>1</ShowCloseButton>
  </BubbleTip>
  <BubbleTip>
    <BubbleTipID>SpecialCare_InfoCard</BubbleTipID>
    <StartTime>2012-12-27</StartTime>
    <EndTime>2013-9-30</EndTime>
    <FeatureDesc>好友的资料卡上“特别关心”入口提示</FeatureDesc>
    <ShowCondition>打开好友的资料卡，只展示一次</ShowCondition>
    <ShowTimes>1</ShowTimes>
    <Content>您可在主面板QQ空间面板查看特别关心好友的动态</Content>
    <AutoDestroy>10000</AutoDestroy>
    <Anglepos>TOPLEFT</Anglepos>
    <ShowCloseButton>1</ShowCloseButton>
    <Icon>sysres:Misc\\T16.png</Icon>
  </BubbleTip>
  <BubbleTip>
    <BubbleTipID>SpecialCare_MainFrame</BubbleTipID>
    <StartTime>2012-12-27</StartTime>
    <EndTime>2013-9-30</EndTime>
    <FeatureDesc>主面板特别关心tab的提示</FeatureDesc>
    <ShowCondition>在好友的mini资料卡上点击特别关心icon设置特别关心好友的时候。只展示一次</ShowCondition>
    <ShowTimes>1</ShowTimes>
    <Title>特别关心</Title>
    <Content>这里可查看特别关心好友的动态</Content>
    <AutoDestroy>0</AutoDestroy>
    <Anglepos>BOTTOMLEFT</Anglepos>
    <ShowCloseButton>1</ShowCloseButton>
    <Icon>sysres:Misc\\T16.png</Icon>
  </BubbleTip>
  <BubbleTip>
    <!--商城的气泡样式要求比较特殊，用的自定义控件来实现，这里只提供是否需要弹气泡的信息-->
    <BubbleTipID>StoreCustomFace</BubbleTipID>
    <StartTime>2013-3-21</StartTime>
    <EndTime>2013-9-30</EndTime>
    <FeatureDesc>商城表情的入口提示</FeatureDesc>
    <ShowCondition>点击聊天窗口AIO的表情图标打开表情窗口。</ShowCondition>
    <ShowTimes>1</ShowTimes>
    <Content>更多独家原创表情在这里噢！</Content>
  </BubbleTip>
  <BubbleTip>
    <BubbleTipID>ImageViewer_Move</BubbleTipID>
    <StartTime>2012-12-27</StartTime>
    <EndTime>2013-9-30</EndTime>
    <FeatureDesc>图片查看器的缩放区移动提示</FeatureDesc>
    <ShowCondition>点击微博图片等打开图片查看器，mouseover到右下角缩放区。</ShowCondition>
    <ShowTimes>3</ShowTimes>
    <Content>试试用上下方向键移动图片显示区域~</Content>
    <AutoDestroy>10000</AutoDestroy>
    <Anglepos>TOPLEFT</Anglepos>
    <ShowCloseButton>0</ShowCloseButton>
  </BubbleTip>
  <BubbleTip>
    <BubbleTipID>QRSecurityLogin</BubbleTipID>
    <StartTime>2013-6-27</StartTime>
    <EndTime>2014-12-31</EndTime>
    <FeatureDesc>安全登录的入口提示</FeatureDesc>
    <ShowCondition>由Q盾控制是否需要展示此气泡以及气泡文字，本地只展示一次。</ShowCondition>
    <ShowTimes>1</ShowTimes>
    <Content>网吧防盗号，点击图标安全登录QQ</Content>
    <AutoDestroy>5000</AutoDestroy>
    <Anglepos>TOPRIGHT</Anglepos>
    <ShowCloseButton>1</ShowCloseButton>
  </BubbleTip>
  <BubbleTip>
    <BubbleTipID>AV_MultiVideo_DiscussOpenTips</BubbleTipID>
    <StartTime>2013-12-16</StartTime>
    <EndTime>2014-3-31</EndTime>
    <FeatureDesc>多人通话讨论组入口新手提示</FeatureDesc>
    <ShowCondition>第3次打开讨论组显示。</ShowCondition>
    <ShowTimes>1</ShowTimes>
    <Content>支持多人语音和多人视频，游戏开黑、朋友聚会so easy！</Content>
    <AutoDestroy>10000</AutoDestroy>
    <Anglepos>TOPLEFT</Anglepos>
    <ShowCloseButton>0</ShowCloseButton>
  </BubbleTip>
  <BubbleTip>
    <BubbleTipID>AV_DocShare_DiscussOpenTips</BubbleTipID>
    <StartTime>2013-12-16</StartTime>
    <EndTime>2014-3-17</EndTime>
    <FeatureDesc>独立屏幕分享讨论组入口新手提示</FeatureDesc>
    <ShowCondition>第2次打开讨论组显示。</ShowCondition>
    <ShowTimes>1</ShowTimes>
    <Content>讨论组新增屏幕分享，远程会议办公更方便，支持语音哦。</Content>
    <AutoDestroy>10000</AutoDestroy>
    <Anglepos>TOPLEFT</Anglepos>
    <ShowCloseButton>0</ShowCloseButton>
  </BubbleTip>
  <BubbleTip>
    <BubbleTipID>DiscussVote_DiscussOpenTips</BubbleTipID>
    <StartTime>2013-10-15</StartTime>
    <EndTime>2014-3-11</EndTime>
    <FeatureDesc>讨论组投票入口新手提示</FeatureDesc>
    <ShowCondition>第1次打开讨论组显示。</ShowCondition>
    <ShowTimes>1</ShowTimes>
    <Content>讨论组支持投票啦，立即试试吧</Content>
    <AutoDestroy>5000</AutoDestroy>
    <Anglepos>BOTTOMLEFT</Anglepos>
    <ShowCloseButton>1</ShowCloseButton>
  </BubbleTip>
  <BubbleTip>
	<BubbleTipID>ChatFrame_BubbleMode_SetupTips</BubbleTipID>
	<StartTime>2014-3-12</StartTime>
	<EndTime>2014-12-31</EndTime>
	<FeatureDesc>气泡模式下第1次在AIO界面发送消息时提示用户切换模式入口</FeatureDesc>
	<ShowCondition>第1次在AIO界面发送消息时显示。</ShowCondition>
	<ShowTimes>1</ShowTimes>
	<Content>可在这里将会话切换为文本模式</Content>
	<AutoDestroy>5000</AutoDestroy>
	<Anglepos>BOTTOMLEFT</Anglepos>
	<ShowCloseButton>1</ShowCloseButton>
  </BubbleTip>
  <BubbleTip>
	<BubbleTipID>ChatFrame_ClassicMode_SetupTips</BubbleTipID>
	<StartTime>2014-3-12</StartTime>
	<EndTime>2014-12-31</EndTime>
	<FeatureDesc>文本模式下第1次在AIO界面发送消息时提示用户切换模式入口</FeatureDesc>
	<ShowCondition>第1次在AIO界面发送消息时显示。</ShowCondition>
	<ShowTimes>1</ShowTimes>
	<Content>可在这里将会话切换为气泡模式</Content>
	<AutoDestroy>5000</AutoDestroy>
	<Anglepos>BOTTOMLEFT</Anglepos>
	<ShowCloseButton>1</ShowCloseButton>
  </BubbleTip>
  <BubbleTip>
  <BubbleTipID>FileManagerPromptTips</BubbleTipID>
  <StartTime>2014-02-10</StartTime>
  <EndTime>2014-08-10</EndTime>
  <FeatureDesc>文件助手第1次安装后登陆30秒后提示文件助手改版啦</FeatureDesc>
  <ShowCondition>第1次安装后登录30秒后显示。</ShowCondition>
  <ShowTimes>1</ShowTimes>
  <Content>文件助手改版啦，管理文件传输记录更高效。</Content>
  <AutoDestroy>10000</AutoDestroy>
  <Anglepos>BOTTOMLEFT</Anglepos>
  <ShowCloseButton>1</ShowCloseButton>
  </BubbleTip>

  <BubbleTip>
    <BubbleTipID>BuddyFileTabPromptTips</BubbleTipID>
    <StartTime>2014-02-10</StartTime>
    <EndTime>2020-12-31</EndTime>
    <FeatureDesc>c2c文件tab第1次安装后打开aio提示1次。</FeatureDesc>
    <ShowCondition>第1次安装后打开aio提示1次。</ShowCondition>
    <ShowTimes>1</ShowTimes>
    <Content>新增文件分类，查找文件更便捷！</Content>
    <AutoDestroy>10000</AutoDestroy>
    <Anglepos>BOTTOMLEFT</Anglepos>
    <ShowCloseButton>1</ShowCloseButton>
  </BubbleTip>

  <BubbleTip>
    <BubbleTipID>DiscussFileTabPromptTips</BubbleTipID>
    <StartTime>2014-02-10</StartTime>
    <EndTime>2020-12-31</EndTime>
    <FeatureDesc>讨论组文件tab第1次安装后打开aio提示1次。</FeatureDesc>
    <ShowCondition>第1次安装后打开aio提示1次。</ShowCondition>
    <ShowTimes>1</ShowTimes>
    <Content>新增文件分类，查找文件更便捷！</Content>
    <AutoDestroy>10000</AutoDestroy>
    <Anglepos>BOTTOMLEFT</Anglepos>
    <ShowCloseButton>1</ShowCloseButton>
  </BubbleTip> 

    <BubbleTip>
    <BubbleTipID>ID_ACCPROT_USERGUIDE</BubbleTipID>
    <StartTime>2014-3-12</StartTime>
    <EndTime>2014-12-31</EndTime>
    <FeatureDesc>帐号宝新手向导</FeatureDesc>
    <ShowCondition>第一次有帐号宝功能的版本</ShowCondition>
    <ShowTimes>1</ShowTimes>
	<Title>您已通过管家帐号宝安全登录</Title>
    <Content>帐号防盗能力提升10倍</Content>
	<LinkText>查看详情</LinkText>
	<JumpUrl>www.qq.com</JumpUrl>
    <AutoDestroy>15000</AutoDestroy>
    <Anglepos>TOPRIGHT</Anglepos>
    <ShowCloseButton>1</ShowCloseButton>
  </BubbleTip>
  <BubbleTip>
    <BubbleTipID>ID_ACCPROT_APSTART</BubbleTipID>
    <StartTime>2014-2-1</StartTime>
    <EndTime>2020-12-31</EndTime>
    <FeatureDesc>开启帐号宝</FeatureDesc>
    <ShowCondition>用户手动点击帐号宝</ShowCondition>
    <AutoDestroy>5000</AutoDestroy>
    <Anglepos>TOPRIGHT</Anglepos>
    <ShowCloseButton>1</ShowCloseButton>
  </BubbleTip>
  <BubbleTip>
    <BubbleTipID>ID_ACCPROT_SUCREPAIR</BubbleTipID>
    <StartTime>2014-2-1</StartTime>
    <EndTime>2020-12-31</EndTime>
    <FeatureDesc>修复成功</FeatureDesc>
    <ShowCondition>帐号宝修复成功</ShowCondition>
    <AutoDestroy>5000</AutoDestroy>
    <Anglepos>TOPRIGHT</Anglepos>
    <ShowCloseButton>1</ShowCloseButton>
  </BubbleTip>
  <BubbleTip>
    <BubbleTipID>ID_ACCPROT_FAILEDREPAIR</BubbleTipID>
    <StartTime>2014-2-1</StartTime>
    <EndTime>2020-12-31</EndTime>
    <FeatureDesc>修复失败</FeatureDesc>
    <ShowCondition>帐号宝修复失败</ShowCondition>
    <AutoDestroy>5000</AutoDestroy>
    <Anglepos>TOPRIGHT</Anglepos>
    <ShowCloseButton>1</ShowCloseButton>
	</BubbleTip>
	<BubbleTip>
    <BubbleTipID>ID_ACCPROT_NOREPAIR</BubbleTipID>
    <StartTime>2014-2-1</StartTime>
    <EndTime>2020-12-31</EndTime>
    <FeatureDesc>无法修复</FeatureDesc>
    <ShowCondition>帐号宝无法修复</ShowCondition>
    <AutoDestroy>5000</AutoDestroy>
    <Anglepos>TOPRIGHT</Anglepos>
    <ShowCloseButton>1</ShowCloseButton>
	</BubbleTip>
  <BubbleTip>
    <BubbleTipID>AV_Discuss_NewAddUserBtn</BubbleTipID>
    <StartTime>2014-4-16</StartTime>
    <EndTime>2014-12-31</EndTime>
    <FeatureDesc>讨论组</FeatureDesc>
    <ShowCondition>第1次打开讨论组15秒后。</ShowCondition>
    <ShowTimes>1</ShowTimes>
    <Content>从这里也能邀请更多人加入讨论组</Content>
    <AutoDestroy>15000</AutoDestroy>
    <Anglepos>TOPRIGHT</Anglepos>
    <ShowCloseButton>1</ShowCloseButton>
  </BubbleTip>
  <BubbleTip>
    <BubbleTipID>ID_ACCPROT_NEWQQSHOW</BubbleTipID>
    <StartTime>2014-5-28</StartTime>
    <EndTime>2020-7-28</EndTime>
    <FeatureDesc>新版QQ秀新手指引</FeatureDesc>
    <ShowCondition>第一次登陆新版QQ</ShowCondition>
    <AutoDestroy>10000</AutoDestroy>
    <Anglepos>TOPRIGHT</Anglepos>
    <ShowCloseButton>1</ShowCloseButton>
	<Content>更炫更丰富的全新聊天场景在这里选择</Content>
   <BubbleTip>
     <BubbleTipID>ID_ROAM_SHOWNEED2M</BubbleTipID>
     <StartTime>2014-2-1</StartTime>
     <EndTime>2020-12-31</EndTime>
     <FeatureDesc>提示输入验证密码</FeatureDesc>
     <ShowCondition>没有输入验证</ShowCondition>
     <Content>查看漫游消息记录,请验证</Content>
     <LinkText>独立密码</LinkText>
     <AutoDestroy>0</AutoDestroy>
     <Anglepos>BOTTOMLEFT</Anglepos>
     <ShowCloseButton>1</ShowCloseButton>
   </BubbleTip>
  </BubbleTip>
  
  <BubbleTip>
    <BubbleTipID>SkinChangePromptTips</BubbleTipID>
    <StartTime>2014-08-10</StartTime>
    <EndTime>2020-12-31</EndTime>
    <FeatureDesc>提示1次。</FeatureDesc>
    <ShowCondition>第1次安装后提示1次。</ShowCondition>
    <ShowTimes>1</ShowTimes>
    <Content>更改外观移到这里啦~</Content>
    <AutoDestroy>10000</AutoDestroy>
    <Anglepos>TOPRIGHT</Anglepos>
    <ShowCloseButton>1</ShowCloseButton>
  </BubbleTip>
  <BubbleTip>
    <BubbleTipID>AV_Discuss_SwitchMonitorBtn</BubbleTipID>
    <StartTime>2014-9-24</StartTime>
    <EndTime>2015-9-23</EndTime>
    <FeatureDesc>视频会议切换显示器</FeatureDesc>
    <ShowCondition>第1次展示切换显示器按钮时</ShowCondition>
    <ShowTimes>1</ShowTimes>
    <Content>当前有两个显示器，点击此处可将该画面全屏展示到另一个显示器。</Content>
    <AutoDestroy>5000</AutoDestroy>
    <Anglepos>BOTTOMLEFT</Anglepos>
    <ShowCloseButton>1</ShowCloseButton>
  </BubbleTip>
	<BubbleTip>
		<BubbleTipID>MyPhoneTab_MainPanel</BubbleTipID>
		<StartTime>2014-09-20</StartTime>
		<EndTime>2015-9-20</EndTime>
		<FeatureDesc>主面板我的手机tab的提示</FeatureDesc>
		<ShowCondition>提示用户使用我的手机Tab，最多三次</ShowCondition>
		<ShowTimes>3</ShowTimes>
		<!--Title>特别关心</Title-->
		<Content>“我的手机”面板，轻松传文件到手机，或备份手机相册到电脑。</Content>
		<AutoDestroy>0</AutoDestroy>
		<Anglepos>BOTTOMRIGHT</Anglepos>
		<ShowCloseButton>0</ShowCloseButton>
		<!--Icon>sysres:Misc\\T16.png</Icon-->
	</BubbleTip>
	
    <BubbleTip>
    <BubbleTipID>ID_ConferenceSchedule_UserGuide</BubbleTipID>
    <StartTime>2015-3-1</StartTime>
    <EndTime>2015-7-30</EndTime>
    <FeatureDesc>群组电话</FeatureDesc>
    <ShowCondition>第一次有群组电话邀请的版本</ShowCondition>
    <ShowTimes>1</ShowTimes>
	<Title>群组电话也能预约啦！</Title>
    <Content>可定时与好友进行语音通话，省心！</Content>
	<ButtonText>试一下</ButtonText>
	<Icon>platformres:DiscussConference\\Schedule_GuideIcon.png</Icon>
    <AutoDestroy>8000</AutoDestroy>
    <ShowCloseButton>1</ShowCloseButton>
  </BubbleTip>

</BubbleTips>